Williams College,"$53,550 ","2,076",,
"Williamstown, MA",,,,
 #1 in National Liberal Arts Colleges,,,,
Amherst College,"$54,310 ","1,849",,
"Amherst, MA",,,,
 #2 in National Liberal Arts Colleges,,,,
Bowdoin College,"$51,848 ","1,806",,
"Brunswick, ME",,,,
 #3 in National Liberal Arts Colleges (tie),,,,
Swarthmore College,"$50,822 ","1,543",,
"Swarthmore, PA",,,,
 #3 in National Liberal Arts Colleges (tie),,,,
Wellesley College,"$51,148 ","2,347",,
"Wellesley, MA",,,,
 #3 in National Liberal Arts Colleges (tie),,,,
,,,,
Middlebury College,"$52,496 ","2,532",,
"Middlebury, VT",,,,
 #6 in National Liberal Arts Colleges (tie),,,,
Pomona College,"$51,075 ","1,660",,
"Claremont, CA",,,,
 #6 in National Liberal Arts Colleges (tie),,,,
Carleton College,"$52,782 ","2,105",,
"Northfield, MN",,,,
 #8 in National Liberal Arts Colleges (tie),,,,
Claremont McKenna College,"$52,825 ","1,347",,
"Claremont, CA",,,,
 #8 in National Liberal Arts Colleges (tie),,,,
Davidson College,"$49,949 ","1,796",,
"Davidson, NC",,,,
 #10 in National Liberal Arts Colleges (tie),,,,
,,,,
Washington and Lee University,"$50,170 ","1,830",,
"Lexington, VA",,,,
 #10 in National Liberal Arts Colleges (tie),,,,
Colby College,"$53,120 ","1,879",,
"Waterville, ME",,,,
 #12 in National Liberal Arts Colleges (tie),,,,
Colgate University,"$53,980 ","2,882",,
"Hamilton, NY",,,,
 #12 in National Liberal Arts Colleges (tie),,,,
Harvey Mudd College,"$54,886 ",829,,
"Claremont, CA",,,,
 #12 in National Liberal Arts Colleges (tie),,,,
Smith College,"$50,044 ","2,514",,
"Northampton, MA",,,,
 #12 in National Liberal Arts Colleges (tie),,,,
,,,,
United States Military Academy,"N/A (out-of-state), N/A (in-state)","4,389",,
"West Point, NY",,,,
 #12 in National Liberal Arts Colleges (tie),,,,
Vassar College,"$55,210 ","2,424",,
"Poughkeepsie, NY",,,,
 #12 in National Liberal Arts Colleges (tie),,,,
Grinnell College,"$50,464 ","1,699",,
"Grinnell, IA",,,,
 #18 in National Liberal Arts Colleges (tie),,,,
Hamilton College,"$52,770 ","1,879",,
"Clinton, NY",,,,
 #18 in National Liberal Arts Colleges (tie),,,,
Haverford College,"$52,754 ","1,268",,
"Haverford, PA",,,,
 #18 in National Liberal Arts Colleges (tie),,,,
,,,,
United States Naval Academy,"N/A (out-of-state), N/A (in-state)","4,526",,
"Annapolis, MD",,,,
 #21 in National Liberal Arts Colleges (tie),,,,
Wesleyan University,"$52,474 ","2,971",,
"Middletown, CT",,,,
 #21 in National Liberal Arts Colleges (tie),,,,
Bates College,"$52,042 ","1,780",,
"Lewiston, ME",,,,
 #23 in National Liberal Arts Colleges (tie),,,,
Colorado College,"$53,238 ","2,101",,
"Colorado Springs, CO",,,,
 #23 in National Liberal Arts Colleges (tie),,,,
University of Richmond,"$50,910 ","3,036",,
"Univ. of Richmond, VA",,,,
 #23 in National Liberal Arts Colleges (tie),,,,
,,,,
Barnard College,"$52,662 ","2,588",,
"New York, NY",,,,
 #26 in National Liberal Arts Colleges (tie),,,,
Kenyon College,"$53,560 ","1,708",,
"Gambier, OH",,,,
 #26 in National Liberal Arts Colleges (tie),,,,
Macalester College,"$52,464 ","2,146",,
"St. Paul, MN",,,,
 #26 in National Liberal Arts Colleges (tie),,,,
Oberlin College,"$53,460 ","2,895",,
"Oberlin, OH",,,,
 #26 in National Liberal Arts Colleges (tie),,,,
Scripps College,"$52,966 ","1,039",,
"Claremont, CA",,,,
 #26 in National Liberal Arts Colleges (tie),,,,
,,,,
United States Air Force Academy,"N/A (out-of-state), N/A (in-state)","4,237",,
"USAF Academy, CO",,,,
 #26 in National Liberal Arts Colleges (tie),,,,
Bryn Mawr College,"$50,500 ","1,381",,
"Bryn Mawr, PA",,,,
 #32 in National Liberal Arts Colleges,,,,
Bucknell University,"$53,986 ","3,571",,
"Lewisburg, PA",,,,
 #33 in National Liberal Arts Colleges (tie),,,,
College of the Holy Cross,"$50,630 ","2,941",,
"Worcester, MA",,,,
 #33 in National Liberal Arts Colleges (tie),,,,
Pitzer College,"$50,430 ","1,089",,
"Claremont, CA",,,,
 #33 in National Liberal Arts Colleges (tie),,,,
,,,,
Lafayette College,"$50,850 ","2,550",,
"Easton, PA",,,,
 #36 in National Liberal Arts Colleges (tie),,,,
Mount Holyoke College,"$47,940 ","2,199",,
"South Hadley, MA",,,,
 #36 in National Liberal Arts Colleges (tie),,,,
Union College,"$53,490 ","2,203",,
"Schenectady, NY",,,,
 #36 in National Liberal Arts Colleges (tie),,,,
Franklin and Marshall College,"$54,380 ","2,255",,
"Lancaster, PA",,,,
 #39 in National Liberal Arts Colleges (tie),,,,
Soka University of America,"$31,776 ",419,,
"Aliso Viejo, CA",,,,
 #39 in National Liberal Arts Colleges (tie),,,,
,,,,
Sewanee--University of the South,"$45,120 ","1,731",,
"Sewanee, TN",,,,
 #41 in National Liberal Arts Colleges (tie),,,,
Skidmore College,"$52,446 ","2,680",,
"Saratoga Springs, NY",,,,
 #41 in National Liberal Arts Colleges (tie),,,,
Whitman College,"$49,780 ","1,493",,
"Walla Walla, WA",,,,
 #41 in National Liberal Arts Colleges (tie),,,,
Occidental College,"$52,838 ","2,062",,
"Los Angeles, CA",,,,
 #44 in National Liberal Arts Colleges (tie),,,,
Trinity College,"$54,770 ","2,259",,
"Hartford, CT",,,,
 #44 in National Liberal Arts Colleges (tie),,,,
,,,,
Bard College,"$52,906 ","1,995",,
"Annandale on Hudson, NY",,,,
 #46 in National Liberal Arts Colleges (tie),,,,
Centre College,"$40,500 ","1,430",,
"Danville, KY",,,,
 #46 in National Liberal Arts Colleges (tie),,,,
Connecticut College,"$52,850 ","1,865",,
"New London, CT",,,,
 #46 in National Liberal Arts Colleges (tie),,,,
Denison University,"$50,440 ","2,277",,
"Granville, OH",,,,
 #46 in National Liberal Arts Colleges (tie),,,,
Gettysburg College,"$52,640 ","2,384",,
"Gettysburg, PA",,,,
 #46 in National Liberal Arts Colleges (tie),,,,
,,,,
Dickinson College,"$52,930 ","2,420",,
"Carlisle, PA",,,,
 #51 in National Liberal Arts Colleges (tie),,,,
Rhodes College,"$46,504 ","1,999",,
"Memphis, TN",,,,
 #51 in National Liberal Arts Colleges (tie),,,,
DePauw University,"$47,838 ","2,225",,
"Greencastle, IN",,,,
 #53 in National Liberal Arts Colleges (tie),,,,
Furman University,"$48,348 ","2,797",,
"Greenville, SC",,,,
 #53 in National Liberal Arts Colleges (tie),,,,
Sarah Lawrence College,"$54,010 ","1,438",,
"Bronxville, NY",,,,
 #53 in National Liberal Arts Colleges (tie),,,,
,,,,
St. John's College,"$51,795 ",434,,
"Annapolis, MD",,,,
 #53 in National Liberal Arts Colleges (tie),,,,
St. Olaf College,"$46,000 ","3,040",,
"Northfield, MN",,,,
 #57 in National Liberal Arts Colleges,,,,
Lawrence University,"$46,101 ","1,532",,
"Appleton, WI",,,,
 #58 in National Liberal Arts Colleges (tie),,,,
St. Lawrence University,"$52,990 ","2,377",,
"Canton, NY",,,,
 #58 in National Liberal Arts Colleges (tie),,,,
Thomas Aquinas College,"$24,500 ",389,,
"Santa Paula, CA",,,,
 #58 in National Liberal Arts Colleges (tie),,,,
,,,,
Agnes Scott College,"$39,960 ",927,,
"Decatur, GA",,,,
 #61 in National Liberal Arts Colleges (tie),,,,
Spelman College,"$28,181 ","2,125",,
"Atlanta, GA",,,,
 #61 in National Liberal Arts Colleges (tie),,,,
College of Wooster,"$48,600 ","2,003",,
"Wooster, OH",,,,
 #63 in National Liberal Arts Colleges (tie),,,,
Wheaton College,"$35,190 ","2,456",,
"Wheaton, IL",,,,
 #63 in National Liberal Arts Colleges (tie),,,,
Hobart and William Smith Colleges,"$53,525 ","2,262",,
"Geneva, NY",,,,
 #65 in National Liberal Arts Colleges (tie),,,,
,,,,
Virginia Military Institute,"$43,902 (out-of-state), $18,214 (in-state)","1,713",,
"Lexington, VA",,,,
 #65 in National Liberal Arts Colleges (tie),,,,
Wabash College,"$42,250 ",843,,
"Crawfordsville, IN",,,,
 #65 in National Liberal Arts Colleges (tie),,,,
Berea College,N/A,"1,665",,
"Berea, KY",,,,
 #68 in National Liberal Arts Colleges (tie),,,,
Earlham College,"$45,750 ","1,031",,
"Richmond, IN",,,,
 #68 in National Liberal Arts Colleges (tie),,,,
University of Puget Sound,"$48,090 ","2,508",,
"Tacoma, WA",,,,
 #68 in National Liberal Arts Colleges (tie),,,,
,,,,
Hillsdale College,"$26,742 ","1,486",,
"Hillsdale, MI",,,,
 #71 in National Liberal Arts Colleges (tie),,,,
Illinois Wesleyan University,"$45,856 ","1,771",,
"Bloomington, IL",,,,
 #71 in National Liberal Arts Colleges (tie),,,,
Knox College,"$44,958 ","1,357",,
"Galesburg, IL",,,,
 #71 in National Liberal Arts Colleges (tie),,,,
Muhlenberg College,"$50,830 ","2,408",,
"Allentown, PA",,,,
 #71 in National Liberal Arts Colleges (tie),,,,
Wofford College,"$41,955 ","1,622",,
"Spartanburg, SC",,,,
 #71 in National Liberal Arts Colleges (tie),,,,
,,,,
Beloit College,"$48,706 ","1,394",,
"Beloit, WI",,,,
 #76 in National Liberal Arts Colleges (tie),,,,
Hendrix College,"$44,070 ","1,321",,
"Conway, AR",,,,
 #76 in National Liberal Arts Colleges (tie),,,,
Kalamazoo College,"$46,692 ","1,443",,
"Kalamazoo, MI",,,,
 #76 in National Liberal Arts Colleges (tie),,,,
Lewis & Clark College,"$48,988 ","2,134",,
"Portland, OR",,,,
 #76 in National Liberal Arts Colleges (tie),,,,
St. John's College,"$52,320 ",326,,
"Santa Fe, NM",,,,
 #76 in National Liberal Arts Colleges (tie),,,,
,,,,
Wheaton College,"$50,850 ","1,651",,
"Norton, MA",,,,
 #76 in National Liberal Arts Colleges (tie),,,,
Allegheny College,"$45,970 ","1,920",,
"Meadville, PA",,,,
 #82 in National Liberal Arts Colleges (tie),,,,
Reed College 1,"$52,150 ",N/A,,
"Portland, OR",,,,
 #82 in National Liberal Arts Colleges (tie),,,,
Willamette University,"$48,164 ","2,002",,
"Salem, OR",,,,
 #82 in National Liberal Arts Colleges (tie),,,,
Gustavus Adolphus College,"$44,080 ","2,230",,
"St. Peter, MN",,,,
 #85 in National Liberal Arts Colleges (tie),,,,
,,,,
St. John's University,"$43,356 ","1,754",,
"Collegeville, MN",,,,
 #85 in National Liberal Arts Colleges (tie),,,,
Bennington College,"$52,420 ",711,,
"Bennington, VT",,,,
 #87 in National Liberal Arts Colleges (tie),,,,
College of St. Benedict,"$43,738 ","1,958",,
"St. Joseph, MN",,,,
 #87 in National Liberal Arts Colleges (tie),,,,
Cornell College,"$40,880 ",974,,
"Mount Vernon, IA",,,,
 #87 in National Liberal Arts Colleges (tie),,,,
Luther College,"$41,020 ","2,169",,
"Decorah, IA",,,,
 #87 in National Liberal Arts Colleges (tie),,,,
,,,,
Millsaps College,"$38,930 ",809,,
"Jackson, MS",,,,
 #87 in National Liberal Arts Colleges (tie),,,,
Transylvania University,"$37,290 ",963,,
"Lexington, KY",,,,
 #87 in National Liberal Arts Colleges (tie),,,,
Austin College,"$38,825 ","1,278",,
"Sherman, TX",,,,
 #93 in National Liberal Arts Colleges (tie),,,,
College of the Atlantic,"$43,542 ",337,,
"Bar Harbor, ME",,,,
 #93 in National Liberal Arts Colleges (tie),,,,
Ursinus College,"$50,360 ","1,556",,
"Collegeville, PA",,,,
 #93 in National Liberal Arts Colleges (tie),,,,
,,,,
Hampden-Sydney College,"$43,940 ","1,027",,
"Hampden-Sydney, VA",,,,
 #96 in National Liberal Arts Colleges (tie),,,,
Southwestern University,"$40,560 ","1,486",,
"Georgetown, TX",,,,
 #96 in National Liberal Arts Colleges (tie),,,,
St. Mary's College of Maryland,"$29,948 (out-of-state), $14,496 (in-state)","1,643",,
"St. Marys City, MD",,,,
 #96 in National Liberal Arts Colleges (tie),,,,
Washington College,"$43,850 ","1,479",,
"Chestertown, MD",,,,
 #96 in National Liberal Arts Colleges (tie),,,,
Westmont College,"$44,044 ","1,298",,
"Santa Barbara, CA",,,,
 #96 in National Liberal Arts Colleges (tie),,,,
,,,,
Augustana College,"$40,908 ","2,537",,
"Rock Island, IL",,,,
 #101 in National Liberal Arts Colleges (tie),,,,
Lake Forest College,"$44,116 ","1,540",,
"Lake Forest, IL",,,,
 #101 in National Liberal Arts Colleges (tie),,,,
New College of Florida,"$29,944 (out-of-state), $6,916 (in-state)",861,,
"Sarasota, FL",,,,
 #101 in National Liberal Arts Colleges (tie),,,,
Ohio Wesleyan University,"$44,690 ","1,639",,
"Delaware, OH",,,,
 #101 in National Liberal Arts Colleges (tie),,,,
St. Mary's College,"$40,800 ","1,625",,
"Notre Dame, IN",,,,
 #101 in National Liberal Arts Colleges (tie),,,,
,,,,
Hope College,"$32,780 ","3,234",,
"Holland, MI",,,,
 #106 in National Liberal Arts Colleges (tie),,,,
Juniata College,"$43,875 ","1,568",,
"Huntingdon, PA",,,,
 #106 in National Liberal Arts Colleges (tie),,,,
St. Anselm College,"$39,990 ","1,930",,
"Manchester, NH",,,,
 #106 in National Liberal Arts Colleges (tie),,,,
St. Michael's College,"$43,640 ","1,902",,
"Colchester, VT",,,,
 #106 in National Liberal Arts Colleges (tie),,,,
Washington and Jefferson College,"$46,628 ","1,396",,
"Washington, PA",,,,
 #106 in National Liberal Arts Colleges (tie),,,,
,,,,
Stonehill College,"$41,300 ","2,481",,
"Easton, MA",,,,
 #111 in National Liberal Arts Colleges,,,,
Drew University,"$49,168 ","1,521",,
"Madison, NJ",,,,
 #112 in National Liberal Arts Colleges (tie),,,,
Goucher College,"$43,440 ","1,473",,
"Baltimore, MD",,,,
 #112 in National Liberal Arts Colleges (tie),,,,
Hanover College,"$36,520 ","1,090",,
"Hanover, IN",,,,
 #112 in National Liberal Arts Colleges (tie),,,,
Hollins University,"$38,285 ",654,,
"Roanoke, VA",,,,
 #112 in National Liberal Arts Colleges (tie),,,,
,,,,
Principia College,"$28,920 ",479,,
"Elsah, IL",,,,
 #112 in National Liberal Arts Colleges (tie),,,,
Concordia College--Moorhead,"$38,378 ","2,114",,
"Moorhead, MN",,,,
 #117 in National Liberal Arts Colleges (tie),,,,
Elizabethtown College,N/A,"1,737",,
"Elizabethtown, PA",,,,
 #117 in National Liberal Arts Colleges (tie),,,,
Linfield College,"$41,612 ","1,632",,
"McMinnville, OR",,,,
 #117 in National Liberal Arts Colleges (tie),,,,
Marlboro College,"$40,425 ",196,,
"Marlboro, VT",,,,
 #117 in National Liberal Arts Colleges (tie),,,,
,,,,
Ripon College,"$41,835 ",793,,
"Ripon, WI",,,,
 #117 in National Liberal Arts Colleges (tie),,,,
Salem College,"$28,566 ",933,,
"Winston-Salem, NC",,,,
 #117 in National Liberal Arts Colleges (tie),,,,
Birmingham-Southern College,"$35,792 ","1,294",,
"Birmingham, AL",,,,
 #123 in National Liberal Arts Colleges (tie),,,,
Coe College,"$42,430 ","1,409",,
"Cedar Rapids, IA",,,,
 #123 in National Liberal Arts Colleges (tie),,,,
Presbyterian College,"$37,842 ","1,063",,
"Clinton, SC",,,,
 #123 in National Liberal Arts Colleges (tie),,,,
,,,,
Grove City College,"$17,254 ","2,392",,
"Grove City, PA",,,,
 #126 in National Liberal Arts Colleges (tie),,,,
Randolph-Macon College,"$40,000 ","1,446",,
"Ashland, VA",,,,
 #126 in National Liberal Arts Colleges (tie),,,,
Albion College,"$43,050 ","1,418",,
"Albion, MI",,,,
 #128 in National Liberal Arts Colleges (tie),,,,
Central College,"$35,930 ","1,248",,
"Pella, IA",,,,
 #128 in National Liberal Arts Colleges (tie),,,,
Eckerd College,"$43,044 ","1,844",,
"St. Petersburg, FL",,,,
 #128 in National Liberal Arts Colleges (tie),,,,
,,,,
Wartburg College,"$39,730 ","1,482",,
"Waverly, IA",,,,
 #128 in National Liberal Arts Colleges (tie),,,,
Westminster College,"$36,230 ","1,174",,
"New Wilmington, PA",,,,
 #128 in National Liberal Arts Colleges (tie),,,,
Whittier College,"$46,120 ","1,615",,
"Whittier, CA",,,,
 #128 in National Liberal Arts Colleges (tie),,,,
McDaniel College,"$41,800 ","1,559",,
"Westminster, MD",,,,
 #134 in National Liberal Arts Colleges (tie),,,,
Siena College,"$35,735 ","3,186",,
"Loudonville, NY",,,,
 #134 in National Liberal Arts Colleges (tie),,,,
,,,,
St. Norbert College,"$36,593 ","2,102",,
"De Pere, WI",,,,
 #134 in National Liberal Arts Colleges (tie),,,,
Sweet Briar College,"$37,155 ",365,,
"Sweet Briar, VA",,,,
 #134 in National Liberal Arts Colleges (tie),,,,
Illinois College,"$32,140 ",958,,
"Jacksonville, IL",,,,
 #138 in National Liberal Arts Colleges (tie),,,,
Randolph College,"$38,155 ",663,,
"Lynchburg, VA",,,,
 #138 in National Liberal Arts Colleges (tie),,,,
Roanoke College,"$42,444 ","1,992",,
"Salem, VA",,,,
 #138 in National Liberal Arts Colleges (tie),,,,
,,,,
Alma College,"$38,768 ","1,451",,
"Alma, MI",,,,
 #141 in National Liberal Arts Colleges (tie),,,,
Hiram College,"$33,040 ","1,090",,
"Hiram, OH",,,,
 #141 in National Liberal Arts Colleges (tie),,,,
Susquehanna University,"$45,470 ","2,195",,
"Selinsgrove, PA",,,,
 #141 in National Liberal Arts Colleges (tie),,,,
University of Minnesota--Morris,"$15,092 (out-of-state), $13,072 (in-state)","1,771",,
"Morris, MN",,,,
 #141 in National Liberal Arts Colleges (tie),,,,
University of North Carolina--Asheville,"$23,868 (out-of-state), $7,145 (in-state)","3,806",,
"Asheville, NC",,,,
 #141 in National Liberal Arts Colleges (tie),,,,
,,,,
Wesleyan College,"$22,370 ",630,,
"Macon, GA",,,,
 #141 in National Liberal Arts Colleges (tie),,,,
Bard College at Simon's Rock 1,"$51,797 ",N/A,,
"Great Barrington, MA",,,,
 #147 in National Liberal Arts Colleges (tie),,,,
Centenary College of Louisiana,"$35,900 ",481,,
"Shreveport, LA",,,,
 #147 in National Liberal Arts Colleges (tie),,,,
Franklin College,"$30,920 ","1,016",,
"Franklin, IN",,,,
 #147 in National Liberal Arts Colleges (tie),,,,
Georgetown College,"$35,650 ","1,029",,
"Georgetown, KY",,,,
 #147 in National Liberal Arts Colleges (tie),,,,
,,,,
Houghton College,"$31,540 ","1,043",,
"Houghton, NY",,,,
 #147 in National Liberal Arts Colleges (tie),,,,
Lycoming College,"$38,618 ","1,272",,
"Williamsport, PA",,,,
 #147 in National Liberal Arts Colleges (tie),,,,
Monmouth College,"$36,400 ","1,147",,
"Monmouth, IL",,,,
 #147 in National Liberal Arts Colleges (tie),,,,
Saint Vincent College,"$34,830 ","1,646",,
"Latrobe, PA",,,,
 #147 in National Liberal Arts Colleges (tie),,,,
Simpson College,"$37,663 ","1,543",,
"Indianola, IA",,,,
 #147 in National Liberal Arts Colleges (tie),,,,
,,,,
Westminster College,"$24,540 ",876,,
"Fulton, MO",,,,
 #147 in National Liberal Arts Colleges (tie),,,,
William Jewell College,"$33,620 ",992,,
"Liberty, MO",,,,
 #147 in National Liberal Arts Colleges (tie),,,,
Doane University,"$32,250 ","1,047",,
"Crete, NE",,,,
 #158 in National Liberal Arts Colleges (tie),,,,
Wittenberg University,"$38,730 ","1,960",,
"Springfield, OH",,,,
 #158 in National Liberal Arts Colleges (tie),,,,
Guilford College,"$35,563 ","1,809",,
"Greensboro, NC",,,,
 #160 in National Liberal Arts Colleges (tie),,,,
,,,,
Morehouse College,"$27,278 ","2,108",,
"Atlanta, GA",,,,
 #160 in National Liberal Arts Colleges (tie),,,,
Warren Wilson College,"$35,244 ",650,,
"Asheville, NC",,,,
 #160 in National Liberal Arts Colleges (tie),,,,
Carthage College,"$40,265 ","2,818",,
"Kenosha, WI",,,,
 #163 in National Liberal Arts Colleges (tie),,,,
Meredith College,"$35,916 ","1,685",,
"Raleigh, NC",,,,
 #163 in National Liberal Arts Colleges (tie),,,,
Elmira College,"$41,900 ","1,101",,
"Elmira, NY",,,,
 #165 in National Liberal Arts Colleges (tie),,,,
,,,,
Hartwick College,"$44,134 ","1,396",,
"Oneonta, NY",,,,
 #165 in National Liberal Arts Colleges (tie),,,,
Moravian College,"$42,024 ","2,006",,
"Bethlehem, PA",,,,
 #165 in National Liberal Arts Colleges (tie),,,,
College of Idaho,"$28,755 ",962,,
"Caldwell, ID",,,,
 #168 in National Liberal Arts Colleges (tie),,,,
Covenant College,"$33,170 ","1,005",,
"Lookout Mountain, GA",,,,
 #168 in National Liberal Arts Colleges (tie),,,,
Emory and Henry College,"$35,050 ","1,024",,
"Emory, VA",,,,
 #168 in National Liberal Arts Colleges (tie),,,,
,,,,
Gordon College,"$36,740 ","1,657",,
"Wenham, MA",,,,
 #168 in National Liberal Arts Colleges (tie),,,,
Wells College 1,"$39,600 ",N/A,,
"Aurora, NY",,,,
 #168 in National Liberal Arts Colleges (tie),,,,
Albright College,"$43,454 ","2,304",,
"Reading, PA",,,,
 #173-#229 in National Liberal Arts Colleges,,,,
Allen University,"$13,140 ",N/A,,
"Columbia, SC",,,,
 #173-#229 in National Liberal Arts Colleges,,,,
American Jewish University 1,"$30,938 ",N/A,,
"Bel-Air, CA",,,,
 #173-#229 in National Liberal Arts Colleges,,,,
,,,,
Ave Maria University 1,"$19,128 ",N/A,,
"Ave Maria, FL",,,,
 #173-#229 in National Liberal Arts Colleges,,,,
Bethany College,"$28,444 ",632,,
"Bethany, WV",,,,
 #173-#229 in National Liberal Arts Colleges,,,,
Bethany Lutheran College,"$26,830 ",587,,
"Mankato, MN",,,,
 #173-#229 in National Liberal Arts Colleges,,,,
Bethel College,"$27,720 ",460,,
"North Newton, KS",,,,
 #173-#229 in National Liberal Arts Colleges,,,,
Bethune-Cookman University,"$14,410 ","3,796",,
"Daytona Beach, FL",,,,
 #173-#229 in National Liberal Arts Colleges,,,,
,,,,
Bloomfield College,"$29,300 ","1,947",,
"Bloomfield, NJ",,,,
 #173-#229 in National Liberal Arts Colleges,,,,
Bridgewater College,"$33,820 ","1,882",,
"Bridgewater, VA",,,,
 #173-#229 in National Liberal Arts Colleges,,,,
Bryn Athyn College of the New Church,"$21,071 ",295,,
"Bryn Athyn, PA",,,,
 #173-#229 in National Liberal Arts Colleges,,,,
Cheyney University of Pennsylvania,"$17,452 (out-of-state), $11,356 (in-state)",709,,
"Cheyney, PA",,,,
 #173-#229 in National Liberal Arts Colleges,,,,
Claflin University,"$16,098 ","1,905",,
"Orangeburg, SC",,,,
 #173-#229 in National Liberal Arts Colleges,,,,
,,,,
Davis and Elkins College 1,"$28,842 ",N/A,,
"Elkins, WV",,,,
 #173-#229 in National Liberal Arts Colleges,,,,
Dillard University,"$18,711 ","1,261",,
"New Orleans, LA",,,,
 #173-#229 in National Liberal Arts Colleges,,,,
East-West University 1,"$20,820 ",N/A,,
"Chicago, IL",,,,
 #173-#229 in National Liberal Arts Colleges,,,,
Emmanuel College,"$38,844 ","2,012",,
"Boston, MA",,,,
 #173-#229 in National Liberal Arts Colleges,,,,
Erskine College,"$35,245 ",614,,
"Due West, SC",,,,
 #173-#229 in National Liberal Arts Colleges,,,,
,,,,
Fisk University,"$21,480 ",723,,
"Nashville, TN",,,,
 #173-#229 in National Liberal Arts Colleges,,,,
Fort Lewis College,"$18,764 (out-of-state), $8,630 (in-state)","3,556",,
"Durango, CO",,,,
 #173-#229 in National Liberal Arts Colleges,,,,
Holy Cross College 1,"$29,734 ",N/A,,
"Notre Dame, IN",,,,
 #173-#229 in National Liberal Arts Colleges,,,,
Johnson C. Smith University,"$18,236 ","1,326",,
"Charlotte, NC",,,,
 #173-#229 in National Liberal Arts Colleges,,,,
Judson College 1,"$17,376 ",N/A,,
"Marion, AL",,,,
 #173-#229 in National Liberal Arts Colleges,,,,
,,,,
The King's College,"$35,400 ",534,,
"New York, NY",,,,
 #173-#229 in National Liberal Arts Colleges,,,,
LaGrange College,"$29,450 ",906,,
"LaGrange, GA",,,,
 #173-#229 in National Liberal Arts Colleges,,,,
Louisiana State University--Alexandria,"$15,708 (out-of-state), $6,668 (in-state)","3,277",,
"Alexandria, LA",,,,
 #173-#229 in National Liberal Arts Colleges,,,,
Lyon College,"$27,340 ",690,,
"Batesville, AR",,,,
 #173-#229 in National Liberal Arts Colleges,,,,
Marymount Manhattan College,"$31,950 ","2,069",,
"New York, NY",,,,
 #173-#229 in National Liberal Arts Colleges,,,,
,,,,
Maryville College,"$34,196 ","1,196",,
"Maryville, TN",,,,
 #173-#229 in National Liberal Arts Colleges,,,,
Massachusetts College of Liberal Arts,"$9,975 (out-of-state), $1,030 (in-state)","1,444",,
"North Adams, MA",,,,
 #173-#229 in National Liberal Arts Colleges,,,,
Northland College,"$35,157 ",582,,
"Ashland, WI",,,,
 #173-#229 in National Liberal Arts Colleges,,,,
Oglethorpe University 1,"$35,280 ",N/A,,
"Atlanta, GA",,,,
 #173-#229 in National Liberal Arts Colleges,,,,
Ouachita Baptist University,"$25,870 ","1,494",,
"Arkadelphia, AR",,,,
 #173-#229 in National Liberal Arts Colleges,,,,
,,,,
Pacific Union College,"$29,469 ","1,435",,
"Angwin, CA",,,,
 #173-#229 in National Liberal Arts Colleges,,,,
Paine College 1,"$14,224 ",N/A,,
"Augusta, GA",,,,
 #173-#229 in National Liberal Arts Colleges,,,,
Philander Smith College,"$12,414 ",765,,
"Little Rock, AR",,,,
 #173-#229 in National Liberal Arts Colleges,,,,
Pine Manor College,"$28,780 ",461,,
"Chestnut Hill, MA",,,,
 #173-#229 in National Liberal Arts Colleges,,,,
Providence Christian College 1,"$28,164 ",N/A,,
"Pasadena, CA",,,,
 #173-#229 in National Liberal Arts Colleges,,,,
,,,,
Purchase College--SUNY,"$18,148 (out-of-state), $8,298 (in-state)","4,121",,
"Purchase, NY",,,,
 #173-#229 in National Liberal Arts Colleges,,,,
Schreiner University,"$26,750 ","1,237",,
"Kerrville, TX",,,,
 #173-#229 in National Liberal Arts Colleges,,,,
Shepherd University,"$17,873 (out-of-state), $7,328 (in-state)","3,436",,
"Shepherdstown, WV",,,,
 #173-#229 in National Liberal Arts Colleges,,,,
Southern Virginia University,"$14,900 ",N/A,,
"Buena Vista, VA",,,,
 #173-#229 in National Liberal Arts Colleges,,,,
Spring Hill College,"$37,584 ","1,396",,
"Mobile, AL",,,,
 #173-#229 in National Liberal Arts Colleges,,,,
,,,,
Stillman College 1,"$10,418 ",N/A,,
"Tuscaloosa, AL",,,,
 #173-#229 in National Liberal Arts Colleges,,,,
Thiel College,"$29,740 ",888,,
"Greenville, PA",,,,
 #173-#229 in National Liberal Arts Colleges,,,,
Thomas More College of Liberal Arts 1,"$20,400 ",N/A,,
"Merrimack, NH",,,,
 #173-#229 in National Liberal Arts Colleges,,,,
Tougaloo College,"$10,600 ",843,,
"Tougaloo, MS",,,,
 #173-#229 in National Liberal Arts Colleges,,,,
University of Maine--Machias 1,"$19,350 (out-of-state), $7,530 (in-state)",N/A,,
"Machias, ME",,,,
 #173-#229 in National Liberal Arts Colleges,,,,
,,,,
University of Pikeville,"$20,350 ","1,658",,
"Pikeville, KY",,,,
 #173-#229 in National Liberal Arts Colleges,,,,
University of Science and Arts of Oklahoma,"$17,550 (out-of-state), $7,200 (in-state)",850,,
"Chickasha, OK",,,,
 #173-#229 in National Liberal Arts Colleges,,,,
University of Virginia--Wise,"$26,385 (out-of-state), $9,759 (in-state)","2,221",,
"Wise, VA",,,,
 #173-#229 in National Liberal Arts Colleges,,,,
University of Wisconsin--Parkside,"$15,378 (out-of-state), $7,389 (in-state)","4,276",,
"Kenosha, WI",,,,
 #173-#229 in National Liberal Arts Colleges,,,,
Virginia Union University,"$16,534 ","1,388",,
"Richmond, VA",,,,
 #173-#229 in National Liberal Arts Colleges,,,,
,,,,
Virginia Wesleyan University,"$36,660 ","1,374",,
"Norfolk, VA",,,,
 #173-#229 in National Liberal Arts Colleges,,,,
West Virginia State University,"$16,550 (out-of-state), $7,546 (in-state)","3,433",,
"Institute, WV",,,,
 #173-#229 in National Liberal Arts Colleges,,,,
William Peace University 1,"$27,080 ",N/A,,
"Raleigh, NC",,,,
 #173-#229 in National Liberal Arts Colleges,,,,
Young Harris College,"$29,012 ","1,200",,
"Young Harris, GA",,,,
 #173-#229 in National Liberal Arts Colleges,,,,
Charter Oak State College,"$12,591 (out-of-state), $9,771 (in-state)","1,533",,
"New Britain, CT",,,,
Unranked,,,,
,,,,
Hampshire College 1,"$50,238 ",N/A,,
"Amherst, MA",,,,
Unranked,,,,
Martin University 1,"$12,536 ",N/A,,
"Indianapolis, IN",,,,
Unranked,,,,
Sterling College 1,"$36,495 ",N/A,,
"Craftsbury Common, VT",,,,
Unranked,,,,